PassengerID,FullName,PassportNumber,Nationality,DOB
PSG00001,Robert Taylor,La011371,Cook Islands,1965-04-19
PSG00002,Shirley Lawson,GS194569,Jamaica,1990-01-19
PSG00003,Timothy Lee,pg882996,Togo,1956-07-13
PSG00004,Allison Reynolds,pd189374,Uzbekistan,1948-06-09
PSG00005,Nancy Wright,ek804448,Syrian Arab Republic,1973-03-08
PSG00006,Valerie Fuentes,gb371009,Brazil,1971-03-14
PSG00007,Meghan Barnes,JU106434,Malta,1987-01-03
PSG00008,Victor Shannon,Hv314422,Hungary,1973-10-30
PSG00009,Jade Larsen,Zv383808,Italy,1983-07-25
PSG00010,Joel Gutierrez,lQ473538,British Virgin Islands,1998-08-24
PSG00011,Ruben Ryan,nt543394,United Arab Emirates,1957-11-14
PSG00012,Melissa Sherman,EB930636,Marshall Islands,1947-02-04
PSG00013,Walter Woods,DI046031,Saint Kitts and Nevis,1984-06-17
PSG00014,Jeffrey Perez,oO132527,Bermuda,2002-10-28
PSG00015,Patricia Jones,kQ427961,Netherlands,1960-01-30
PSG00016,Tamara Zuniga,qy313002,Cayman Islands,1954-10-10
PSG00017,Kyle Love,RM385519,Tokelau,1983-03-28
PSG00018,Abigail Olson,Vl763921,Gambia,1996-09-11
PSG00019,Anne Adams,VW150560,Korea,1969-03-14
PSG00020,Kristin Barnes,kb828601,Bulgaria,1989-06-10
PSG00021,Michael Williams,fz563849,Russian Federation,1948-12-08
PSG00022,Diana Rubio,ai395053,Norway,1963-08-17
PSG00023,Paul Wright,df205809,Libyan Arab Jamahiriya,1991-08-05
PSG00024,Omar Parker,cX480979,Oman,1959-09-28
PSG00025,Angela Black DDS,QH819150,Slovakia (Slovak Republic),1966-08-01
PSG00026,Stephanie Campbell,wK572704,Christmas Island,1970-10-18
PSG00027,Wesley Mann,eu747094,Northern Mariana Islands,1946-12-08
PSG00028,Elizabeth Parker,nh298957,Vietnam,1985-12-18
PSG00029,Sandra Roy,zh652765,Vanuatu,1968-09-25
PSG00030,David Hunt,qe499860,Denmark,1956-11-17
PSG00031,Neil Bond,vB499212,Papua New Guinea,1961-06-02
PSG00032,Haley Sanders,aR922292,South Africa,1959-03-11
PSG00033,Margaret Peters,pq105657,Malaysia,1987-05-06
PSG00034,Roger Tucker,ok932596,Guam,1951-05-22
PSG00035,Kevin Hawkins,mb531574,San Marino,2000-05-29
PSG00036,Paul Johnson,sg449143,Qatar,1995-10-23
PSG00037,Jacob Quinn,II118829,Kiribati,1987-03-16
PSG00038,Elizabeth Garcia,FC992180,Ethiopia,1988-05-16
PSG00039,Alexander Brown,YQ208051,Poland,2006-07-15
PSG00040,Richard Gonzalez,Hq436095,Saint Lucia,1981-08-02
PSG00041,Gregory Thompson,yZ087378,Mauritania,1972-02-26
PSG00042,Kevin Moore,Qp983975,Portugal,1981-09-26
PSG00043,Mrs. Deborah King,eV911583,Mozambique,1987-06-02
PSG00044,Brian Brown,VH525149,Syrian Arab Republic,1984-12-22
PSG00045,Nicole Thomas,XY843349,Argentina,1949-12-25
PSG00046,Thomas Cook,ta982587,Grenada,1961-12-09
PSG00047,Sara Johnston,dI701895,Croatia,1958-07-26
PSG00048,Shane Walker,lC858673,Ghana,1987-01-28
PSG00049,Darren Hood,Ba694313,Ukraine,2004-08-24
PSG00050,Taylor Cooke,UZ471965,Croatia,1978-12-31
PSG00051,Christina Montgomery,kV540070,Rwanda,1957-08-07
PSG00052,David Vasquez,Fq296197,Timor-Leste,1948-11-07
PSG00053,Andrew Dodson,Wp796087,Antarctica (the territory South of 60 deg S),1998-09-02
PSG00054,Terry Todd,TK327505,Aruba,1973-04-27
PSG00055,Javier Martinez,iU807684,Slovenia,1966-10-04
PSG00056,Brandy Young,bD597453,Mexico,1968-10-12
PSG00057,Dillon Terry,Nu790816,Turkey,1944-10-10
PSG00058,Carl Lee,Lj583542,El Salvador,1958-01-27
PSG00059,Kimberly Harris,Zc186937,Palestinian Territory,1980-11-27
PSG00060,Alexis Johnson,Gy629263,Mongolia,2002-03-10
PSG00061,Heidi Randolph,Qf720067,Georgia,1955-11-07
PSG00062,Brian Rodriguez,lb200479,Peru,1994-12-13
PSG00063,Nicholas Love,ze378928,Eritrea,1946-06-17
PSG00064,Jessica Martin,Yu661202,Georgia,1991-10-09
PSG00065,Kimberly Haynes,PC933519,Montserrat,1981-11-10
PSG00066,Karen Kelley,mu928418,Lesotho,1971-10-18
PSG00067,Chelsey Nelson,gr442440,Jordan,1991-12-19
PSG00068,Sonia Moore,rI939146,Japan,2000-04-28
PSG00069,Rodney Jimenez,Wn690078,Uganda,1985-12-04
PSG00070,Tina Perez,oe115261,Tanzania,2000-10-28
PSG00071,Hailey Francis DDS,sI820141,Argentina,1968-12-13
PSG00072,Jeffrey Figueroa,IG796670,Tonga,1993-06-29
PSG00073,Calvin Benjamin,ES172478,United Kingdom,1985-03-25
PSG00074,Laura Fernandez,OP316330,Denmark,1969-12-22
PSG00075,Maria Stone,SE965005,Niue,1966-07-08
PSG00076,Shannon Martinez,eb200910,New Caledonia,1950-04-21
PSG00077,Stephen Williams,mc492102,Guatemala,1953-07-19
PSG00078,Alexis Cook,bi981955,Togo,1954-05-09
PSG00079,Michael Hughes,Nf738536,Tokelau,1961-03-20
PSG00080,Matthew Walker,ST716787,Jamaica,1962-10-16
PSG00081,Leslie Johnson,Dv660919,Pitcairn Islands,1961-06-15
PSG00082,Justin Carr,rC771994,Israel,1952-08-14
PSG00083,Jennifer Miller,pC682007,Tajikistan,1972-03-28
PSG00084,Kristy Ford,Ur792972,Isle of Man,1965-05-28
PSG00085,Taylor Franklin,Og971488,Myanmar,1957-08-15
PSG00086,Carl Davis,nK634511,Congo,2003-11-22
PSG00087,Michael Frey,iG334628,Micronesia,1994-10-11
PSG00088,Noah Morgan,DQ480946,Netherlands,1954-06-28
PSG00089,Robert Davis,XM966256,Equatorial Guinea,1957-01-18
PSG00090,Scott Hicks,gO527141,Honduras,1984-02-05
PSG00091,Sarah Long,kT535375,Egypt,1982-10-20
PSG00092,Suzanne Williams,kp244432,Namibia,1982-12-19
PSG00093,Richard Moreno,uo949868,Jersey,1995-04-04
PSG00094,Martin Mullins,XV854095,Peru,1998-07-12
PSG00095,Lisa Flynn,Nh094702,Eritrea,1975-02-09
PSG00096,Devin Smith,Cr169960,Saint Martin,1976-01-24
PSG00097,Danielle Campbell,Ag193055,Mayotte,1990-06-22
PSG00098,Martha Ramos,Aj950848,Equatorial Guinea,1983-07-06
PSG00099,Tanya Jackson,ye579210,United States of America,1966-01-06
PSG00100,Makayla Ferguson,vV556461,South Africa,1953-06-15
PSG00101,Daniel Walters,ve975100,United Kingdom,1967-06-14
PSG00102,Jaclyn Irwin,Nj921940,Gambia,1992-11-18
PSG00103,Jonathan Roberts,Je591722,Central African Republic,1972-03-28
PSG00104,Jennifer Jones,zF024269,Saint Vincent and the Grenadines,1958-08-17
PSG00105,Jasmine Medina DDS,zo522793,Poland,1975-04-13
PSG00106,Joan Smith,AZ242613,Mauritania,1951-02-03
PSG00107,Jennifer Bolton,dt881164,French Polynesia,1988-09-17
PSG00108,Mark Patrick,gu992634,Christmas Island,2001-09-28
PSG00109,Lisa Larson,yG655479,Chile,1965-12-17
PSG00110,Melissa Nelson,bB526514,Cuba,1975-07-18
PSG00111,Melissa Johnson,oF071053,Norway,1962-07-13
PSG00112,Derrick Hernandez,AH542921,Albania,1957-01-24
PSG00113,Ian Evans,gM741288,Rwanda,1953-05-02
PSG00114,Andrea Caldwell,Wc579959,Greenland,1995-03-27
PSG00115,Amy Jackson,bZ186630,Svalbard & Jan Mayen Islands,1953-11-29
PSG00116,Sara Koch,Cv553051,Bhutan,1957-10-25
PSG00117,Sean Massey,Pa188528,Bosnia and Herzegovina,1970-09-16
PSG00118,Kathy Rodriguez,Ud664930,Micronesia,1993-07-24
PSG00119,Trevor Swanson,on558786,Korea,1966-11-29
PSG00120,Lori Rush,vE144294,Guernsey,1985-06-11
PSG00121,Rachel Cummings,yL176939,Niger,1966-07-16
PSG00122,Jennifer Hoffman,EX422993,Gibraltar,1999-07-02
PSG00123,Lori Flores,zT387461,Luxembourg,1968-12-01
PSG00124,Michelle Peterson,KB396014,Northern Mariana Islands,1982-03-18
PSG00125,Mr. Adrian Thompson,qZ454862,Norway,1997-06-09
PSG00126,Jonathan Martinez,pg216193,Uganda,1984-02-21
PSG00127,George James,Fm833717,Kuwait,1982-04-11
PSG00128,Amy Evans,ZX006476,Spain,1969-08-11
PSG00129,Craig Horne DVM,Qq180694,Saudi Arabia,1955-01-23
PSG00130,Andrew Wilson,iN328934,Chile,1953-03-23
PSG00131,Amanda Cortez MD,vN005094,Falkland Islands (Malvinas),1957-08-20
PSG00132,Christopher Gomez,eP060740,Mozambique,1978-07-14
PSG00133,Kathleen Galvan MD,ct088030,Sri Lanka,1985-04-30
PSG00134,Kimberly Holder,pO398159,Philippines,1961-03-19
PSG00135,Nicole Williams,MS949258,Central African Republic,1986-09-08
PSG00136,Tasha Flores,wY359519,Ecuador,1967-01-18
PSG00137,Frank Thompson,Wz886855,Serbia,1982-10-02
PSG00138,Darin Jones,Wg203189,Guyana,1969-10-29
PSG00139,Joshua Alexander,Pb134614,Oman,1970-03-28
PSG00140,Amy Andrews,Qs235179,Cape Verde,1972-10-22
PSG00141,Jennifer Santana,TC481227,Bangladesh,1951-02-24
PSG00142,Steven Thornton,Wi162255,Algeria,1983-06-22
PSG00143,Jacob Houston,tH553989,Hong Kong,1971-05-31
PSG00144,Mary Williams,aY169824,Tanzania,1965-11-17
PSG00145,Patricia Gonzalez,gk300181,Venezuela,1991-06-13
PSG00146,Amy Gonzalez,Em362602,Malta,1961-12-08
PSG00147,Deborah Smith,XC164928,China,2001-06-27
PSG00148,Nicholas Harris,TA565941,Cook Islands,2004-05-01
PSG00149,Frank Escobar,yP746341,Saint Pierre and Miquelon,1957-05-31
PSG00150,Joseph Montoya,wa928371,Norfolk Island,1948-12-15
PSG00151,Nicole Williams,kO874501,Iceland,1985-06-13
PSG00152,Kevin Page,Dt372913,Sweden,1944-09-17
PSG00153,Angel Miller,MM228441,Iran,1973-05-24
PSG00154,Kimberly Gonzales,fG055239,San Marino,1981-04-02
PSG00155,Randy Brown,Pa511337,Switzerland,1991-07-14
PSG00156,Nicholas Adkins,cU105771,Kenya,1983-12-26
PSG00157,Sandra Mccall,jt179237,Netherlands,1999-06-27
PSG00158,Amber Horne,XD335175,Anguilla,1951-05-01
PSG00159,Julia Marshall,Vc422068,Cameroon,1972-04-08
PSG00160,Aaron Schultz,wK046826,Pitcairn Islands,1995-05-23
PSG00161,Deborah Jennings,fa912076,Comoros,1950-08-16
PSG00162,Ronald Moore,jp719164,Finland,1991-09-08
PSG00163,Jaime Villanueva,Wc860181,Macao,1972-08-09
PSG00164,Sarah Wang,hL897353,Mongolia,1989-02-19
PSG00165,James Irwin,Kt358639,Norfolk Island,1988-07-06
PSG00166,Roberta Flores,Ac762789,Sri Lanka,1966-10-04
PSG00167,Hannah Wheeler,op611843,Micronesia,1979-04-11
PSG00168,Dr. Curtis Robinson Jr.,jl464967,Saudi Arabia,2005-07-14
PSG00169,Dennis Snow,Yx101547,Montserrat,1988-09-18
PSG00170,Dominique Collins,UJ114652,Niue,1984-02-05
PSG00171,Christine Mason,Xn935775,Timor-Leste,1989-01-02
PSG00172,Brittany Miller,Dd871965,Peru,1993-08-17
PSG00173,Annette Reid,ed118979,Slovakia (Slovak Republic),1958-12-17
PSG00174,Brandy Price,Oc059146,Cuba,2003-01-17
PSG00175,Kelly Williams,Um716069,Zimbabwe,1992-01-20
PSG00176,Jim Harrison,hr992088,Serbia,1981-08-05
PSG00177,Ryan Branch,LE920603,Malta,1956-03-27
PSG00178,Andrew Miller,IE733490,Myanmar,1955-01-14
PSG00179,Steven Burns,FZ690225,Kiribati,1965-03-25
PSG00180,Marie Phelps,lT962353,Spain,1983-06-23
PSG00181,Heidi Larson,AH239926,Saint Barthelemy,1962-08-16
PSG00182,Michael Jones,QT650753,Kiribati,1999-11-10
PSG00183,Keith Bradley,gY441300,Argentina,1972-02-26
PSG00184,Lisa Moss,oD632996,Mozambique,1989-07-27
PSG00185,Garrett Roberts,yX854895,Portugal,1954-04-20
PSG00186,Eric Olson,XV766351,Barbados,1992-06-05
PSG00187,Sharon Castro,Sd244280,Tanzania,1980-01-11
PSG00188,Amber King,je295020,Cuba,1983-11-20
PSG00189,Brian Hernandez,PL087705,Croatia,1988-01-22
PSG00190,Brittany Jackson,ao788111,American Samoa,1994-05-12
PSG00191,Jesse Sanders,LF699746,Christmas Island,1963-06-09
PSG00192,Johnny Reynolds,Da944104,Philippines,2003-01-09
PSG00193,Karen Garcia,IG048417,Bermuda,1992-06-09
PSG00194,Theodore Owens,Bx766845,Malta,1986-11-19
PSG00195,Tamara Chapman,ms842286,Western Sahara,1967-12-17
PSG00196,Tamara Espinoza,IL210135,Greenland,2004-08-08
PSG00197,Kristen Black,cx972988,Benin,1971-09-17
PSG00198,Jaime Jackson,fT474011,Vietnam,1946-08-22
PSG00199,Michelle Rodriguez MD,On882587,Grenada,1974-06-22
PSG00200,Adrian Williams,Aj584858,Belarus,1996-04-11
PSG00201,Carol Alexander,Xk239414,Saudi Arabia,1988-08-05
PSG00202,Mark Newton,kn560124,United States of America,2001-06-10
PSG00203,Sean Wilkinson,fM987435,Latvia,1956-12-23
PSG00204,David Nelson,Ii271038,Saint Barthelemy,1975-08-14
PSG00205,Tracy Mitchell,cv396509,Myanmar,2002-10-07
PSG00206,Michael Alvarez,hz441942,Reunion,1950-09-06
PSG00207,Rachel Osborne,xQ711906,Trinidad and Tobago,1994-11-10
PSG00208,Pamela Brown,Zo108346,Nigeria,1987-01-30
PSG00209,Donna Stevenson,sP141131,Turkey,2007-05-13
PSG00210,Chase Cobb,LO097663,Libyan Arab Jamahiriya,1983-01-10
PSG00211,John Murphy,Mb577012,Philippines,1946-01-21
PSG00212,Ellen Patterson,iU056827,Afghanistan,1996-06-28
PSG00213,Trevor Mercado,Lj320992,Kyrgyz Republic,1985-01-21
PSG00214,Joseph Randall,Nn788248,Australia,1953-02-26
PSG00215,Karen Collins,Of083540,Hungary,1997-06-12
PSG00216,Tara Santiago,ZH396101,Wallis and Futuna,1974-11-28
PSG00217,Holly Williams,cc848946,Venezuela,1977-06-27
PSG00218,Tanner Chen,nt303978,Djibouti,1959-11-29
PSG00219,Ryan Greer,DR410165,Netherlands Antilles,1964-09-03
PSG00220,David Munoz,Ih027934,Costa Rica,2004-03-28
PSG00221,Leah Bennett,Yg017249,Peru,1963-03-30
PSG00222,Lisa Carter,VX192652,Pitcairn Islands,1960-05-27
PSG00223,Courtney Little,gH880965,Oman,1971-08-13
PSG00224,Joseph Smith,cz216949,Serbia,1954-10-25
PSG00225,Jessica Scott,hP783584,Tonga,2006-05-28
PSG00226,Raven Garcia,bz243553,United States Virgin Islands,1964-10-23
PSG00227,Jennifer Johnson,Mg675194,French Polynesia,1950-11-08
PSG00228,Mr. Nicholas Baird,wd800588,Monaco,1951-06-21
PSG00229,Ryan Jimenez,Xt348829,Namibia,1982-04-16
PSG00230,Grant Mcguire,Cl391665,Turkmenistan,1985-11-19
PSG00231,Patrick Wells,KW415450,Iraq,1947-01-23
PSG00232,Samuel Thompson,wA786579,Sao Tome and Principe,1983-03-29
PSG00233,Michael Thomas,hH488072,Swaziland,1950-07-15
PSG00234,Jamie Martin,UP918038,Cape Verde,1986-05-23
PSG00235,Donna Young,lt076736,Timor-Leste,1955-06-09
PSG00236,Jerry Boyer DVM,uD313140,Bahrain,1991-03-09
PSG00237,Mr. Raymond Williams PhD,vY669872,Qatar,1978-09-20
PSG00238,Calvin Kaiser,Hr031935,Indonesia,1955-12-29
PSG00239,Derek Hughes,Hv039160,Venezuela,1977-06-26
PSG00240,Rhonda Oconnor,Ce519346,Japan,1973-03-16
PSG00241,William Wallace,Vj541136,Brunei Darussalam,1991-01-31
PSG00242,Andrea Eaton,Dq923618,Benin,1999-02-03
PSG00243,Diane Golden,Po286285,Mongolia,1966-10-27
PSG00244,Phillip Sanders,Gc573077,Burkina Faso,1993-03-30
PSG00245,George Anderson,tn658188,Cayman Islands,1952-04-27
PSG00246,Jeffrey Valenzuela,Kt827107,Macao,1985-02-23
PSG00247,Lucas Jackson,MV630978,French Southern Territories,1997-06-23
PSG00248,Gabrielle Garcia,fM624519,Grenada,1954-05-02
PSG00249,Sarah Harris,rF281479,Equatorial Guinea,1991-08-15
PSG00250,Richard Dean,CP536499,Jordan,2006-04-10
PSG00251,Carl Leonard,tD388976,Malta,1957-08-18
PSG00252,Michael Hunt,yo624247,Haiti,1960-04-13
PSG00253,Veronica Valencia DDS,db366621,Togo,1966-04-11
PSG00254,Chad Thomas,xd414837,Saint Vincent and the Grenadines,1976-10-04
PSG00255,Sean Delacruz,Oa366613,Panama,2005-01-18
PSG00256,Robert Bautista,eJ166531,Nigeria,1945-04-10
PSG00257,Jason Kramer,vp989742,Fiji,1983-03-20
PSG00258,Michael Mays,Yh607643,Sri Lanka,1977-10-30
PSG00259,Amy Crawford,hB669404,Bhutan,1982-01-01
PSG00260,George Lee,yD518426,Kiribati,1956-08-29
PSG00261,John Osborn,Xk372308,Sri Lanka,1947-04-21
PSG00262,Bradley Sanchez,kL541138,Hong Kong,1992-11-08
PSG00263,Victor Parker,bT232755,Slovenia,1947-08-01
PSG00264,Kevin Mckay,NC619795,Montenegro,2005-06-13
PSG00265,Ashley Howard,Jz074833,France,1965-08-08
PSG00266,Bruce Smith,Oc697949,Singapore,1947-04-17
PSG00267,Sheri Maddox,MK446831,Mauritius,1983-04-07
PSG00268,Michael Davis,zO909006,Italy,1971-05-13
PSG00269,Bradley Norris,Po868391,Yemen,1947-12-10
PSG00270,Elizabeth Tucker,SF995122,Hungary,2002-02-15
PSG00271,Kara White,vv904165,Kenya,1990-02-28
PSG00272,Kristin Alvarado,iA535945,Western Sahara,1952-09-01
PSG00273,Charles Henderson,Nx127174,Martinique,1978-02-27
PSG00274,Michael Bernard,Qp992260,Ukraine,1948-11-26
PSG00275,Richard Lewis,id028620,Colombia,1995-03-16
PSG00276,Steven Robbins,xo083529,Norway,1980-03-24
PSG00277,Mary Gonzalez,bj572460,Belgium,1948-11-02
PSG00278,Raymond Sosa,JN925867,Niue,1994-06-04
PSG00279,Keith Bell,PK471721,Algeria,1976-01-14
PSG00280,Caleb Owens,jq748854,Barbados,1958-07-07
PSG00281,Jacob Cantu,LO880037,New Zealand,1990-09-05
PSG00282,Beth Coleman,Po916959,Myanmar,2007-01-19
PSG00283,Connie Nicholson,qg261730,Sri Lanka,1953-10-05
PSG00284,Lisa Blair,yn344274,Nicaragua,1969-10-20
PSG00285,Kelsey Lucas,ZZ748167,Cuba,1977-02-13
PSG00286,David Flores,kv036802,Mongolia,1996-03-24
PSG00287,Joel Romero,Wp775724,Honduras,1954-09-22
PSG00288,Eric Owen,jl642216,Bhutan,1966-09-03
PSG00289,Elizabeth Pierce DDS,ua419312,Bangladesh,1983-02-21
PSG00290,Amber Hill,fD473220,Mozambique,1960-10-12
PSG00291,Scott Fleming,Ec418290,Estonia,1962-01-11
PSG00292,Christina Williams,CQ958591,Georgia,1964-01-26
PSG00293,Jose Moore,fP265668,Nicaragua,1979-06-14
PSG00294,Eric Burns,rn903787,Heard Island and McDonald Islands,1953-07-16
PSG00295,Mrs. Samantha King MD,EA267082,Taiwan,1991-09-10
PSG00296,Matthew Davis,MF870356,Heard Island and McDonald Islands,1990-01-12
PSG00297,Martha Chambers,ip833062,Poland,1977-01-08
PSG00298,Jared Stevenson,hm923718,South Georgia and the South Sandwich Islands,1964-03-20
PSG00299,Samantha Mcdonald,Bl412245,Ireland,1976-08-07
PSG00300,Denise Bradshaw MD,df900172,Israel,1957-10-12
